-- MySQL Script generated by MySQL Workbench
-- Sat Oct 22 16:01:39 2022
-- Model: New Model    Version: 1.0
-- MySQL Workbench Forward Engineering

SET @OLD_UNIQUE_CHECKS=@@UNIQUE_CHECKS, UNIQUE_CHECKS=0;
SET @OLD_FOREIGN_KEY_CHECKS=@@FOREIGN_KEY_CHECKS, FOREIGN_KEY_CHECKS=0;
SET @OLD_SQL_MODE=@@SQL_MODE, SQL_MODE='ONLY_FULL_GROUP_BY,STRICT_TRANS_TABLES,NO_ZERO_IN_DATE,NO_ZERO_DATE,ERROR_FOR_DIVISION_BY_ZERO,NO_ENGINE_SUBSTITUTION';

-- -----------------------------------------------------
-- Schema mydb
-- -----------------------------------------------------

-- -----------------------------------------------------
-- Schema mydb
-- -----------------------------------------------------
CREATE SCHEMA IF NOT EXISTS `mydb` DEFAULT CHARACTER SET utf8 ;
USE `mydb` ;

-- -----------------------------------------------------
-- Table `mydb`.`categorys`
-- -----------------------------------------------------
CREATE TABLE IF NOT EXISTS `mydb`.`categorys` (
  `idCategory` INT NOT NULL AUTO_INCREMENT,
  `name` VARCHAR(45) NULL,
  `description` VARCHAR(1024) NULL,
  PRIMARY KEY (`idCategory`))
ENGINE = InnoDB;


-- -----------------------------------------------------
-- Table `mydb`.`pics`
-- -----------------------------------------------------
CREATE TABLE IF NOT EXISTS `mydb`.`pics` (
  `idpic` INT NOT NULL AUTO_INCREMENT,
  `path` VARCHAR(256) NULL,
  `altName` VARCHAR(256) NULL,
  PRIMARY KEY (`idpic`))
ENGINE = InnoDB;


-- -----------------------------------------------------
-- Table `mydb`.`products`
-- -----------------------------------------------------
CREATE TABLE IF NOT EXISTS `mydb`.`products` (
  `idproduct` INT NOT NULL AUTO_INCREMENT,
  `name` VARCHAR(45) NULL,
  `active` TINYINT NULL,
  `price` FLOAT NULL,
  `priceWithouthDiscount` FLOAT NULL,
  `priceWithPromo` FLOAT NULL,
  `description` VARCHAR(1024) NULL,
  PRIMARY KEY (`idproduct`))
ENGINE = InnoDB;


-- -----------------------------------------------------
-- Table `mydb`.`productsCategorys`
-- -----------------------------------------------------
CREATE TABLE IF NOT EXISTS `mydb`.`productsCategorys` (
  `id` INT NOT NULL AUTO_INCREMENT,
  `idProduct` INT NULL,
  `idCategory` INT NULL,
  `mainCat` TINYINT NULL,
  PRIMARY KEY (`id`),
  INDEX `idProduct_idx` (`idProduct` ASC) VISIBLE,
  INDEX `idCategory_idx` (`idCategory` ASC) VISIBLE,
  CONSTRAINT `idProduct`
    FOREIGN KEY (`idProduct`)
    REFERENCES `mydb`.`products` (`idproduct`)
    ON DELETE CASCADE
    ON UPDATE CASCADE,
  CONSTRAINT `idCategory`
    FOREIGN KEY (`idCategory`)
    REFERENCES `mydb`.`categorys` (`idCategory`)
    ON DELETE CASCADE
    ON UPDATE CASCADE)
ENGINE = InnoDB;


-- -----------------------------------------------------
-- Table `mydb`.`productsPics`
-- -----------------------------------------------------
CREATE TABLE IF NOT EXISTS `mydb`.`productsPics` (
  `idproductsPics` INT NOT NULL AUTO_INCREMENT,
  `idProduct` INT NULL,
  `idPic` INT NULL,
  `mainPic` TINYINT NULL,
  PRIMARY KEY (`idproductsPics`),
  INDEX `idProduct_idx` (`idProduct` ASC) VISIBLE,
  INDEX `idPic_idx` (`idPic` ASC) VISIBLE,
  CONSTRAINT `idProduct`
    FOREIGN KEY (`idProduct`)
    REFERENCES `mydb`.`products` (`idproduct`)
    ON DELETE NO ACTION
    ON UPDATE NO ACTION,
  CONSTRAINT `idPic`
    FOREIGN KEY (`idPic`)
    REFERENCES `mydb`.`pics` (`idpic`)
    ON DELETE NO ACTION
    ON UPDATE NO ACTION)
ENGINE = InnoDB;


SET SQL_MODE=@OLD_SQL_MODE;
SET FOREIGN_KEY_CHECKS=@OLD_FOREIGN_KEY_CHECKS;
SET UNIQUE_CHECKS=@OLD_UNIQUE_CHECKS;

-- -----------------------------------------------------
-- Data for table `mydb`.`categorys`
-- -----------------------------------------------------
START TRANSACTION;
USE `mydb`;
INSERT INTO `mydb`.`categorys` (`idCategory`, `name`, `description`) VALUES (1, 'testCat1', 'test category 1');
INSERT INTO `mydb`.`categorys` (`idCategory`, `name`, `description`) VALUES (2, 'testCat2', 'test category 2');

COMMIT;


-- -----------------------------------------------------
-- Data for table `mydb`.`pics`
-- -----------------------------------------------------
START TRANSACTION;
USE `mydb`;
INSERT INTO `mydb`.`pics` (`idpic`, `path`, `altName`) VALUES (1, '/data/pics/1.png', 'test pic 1');
INSERT INTO `mydb`.`pics` (`idpic`, `path`, `altName`) VALUES (2, '/data/pics/2.png', 'test pic 2');
INSERT INTO `mydb`.`pics` (`idpic`, `path`, `altName`) VALUES (3, '/data/pics/3.png', 'test pic 3');

COMMIT;


-- -----------------------------------------------------
-- Data for table `mydb`.`products`
-- -----------------------------------------------------
START TRANSACTION;
USE `mydb`;
INSERT INTO `mydb`.`products` (`idproduct`, `name`, `active`, `price`, `priceWithouthDiscount`, `priceWithPromo`, `description`) VALUES (1, 'testPr1', 1, 120.1, NULL, NULL, 'test pr 1');
INSERT INTO `mydb`.`products` (`idproduct`, `name`, `active`, `price`, `priceWithouthDiscount`, `priceWithPromo`, `description`) VALUES (2, 'testPr2', 1, 170.89, NULL, NULL, 'test pr 2');
INSERT INTO `mydb`.`products` (`idproduct`, `name`, `active`, `price`, `priceWithouthDiscount`, `priceWithPromo`, `description`) VALUES (3, 'testPr3', 1, 180.00, NULL, NULL, 'test pr 3');

COMMIT;


-- -----------------------------------------------------
-- Data for table `mydb`.`productsCategorys`
-- -----------------------------------------------------
START TRANSACTION;
USE `mydb`;
INSERT INTO `mydb`.`productsCategorys` (`id`, `idProduct`, `idCategory`, `mainCat`) VALUES (1, 1, 1, NULL);
INSERT INTO `mydb`.`productsCategorys` (`id`, `idProduct`, `idCategory`, `mainCat`) VALUES (2, 2, 1, NULL);
INSERT INTO `mydb`.`productsCategorys` (`id`, `idProduct`, `idCategory`, `mainCat`) VALUES (3, 3, 2, NULL);
INSERT INTO `mydb`.`productsCategorys` (`id`, `idProduct`, `idCategory`, `mainCat`) VALUES (1, 1, 2, NULL);

COMMIT;


-- -----------------------------------------------------
-- Data for table `mydb`.`productsPics`
-- -----------------------------------------------------
START TRANSACTION;
USE `mydb`;
INSERT INTO `mydb`.`productsPics` (`idproductsPics`, `idProduct`, `idPic`, `mainPic`) VALUES (1, 1, 1, 1);
INSERT INTO `mydb`.`productsPics` (`idproductsPics`, `idProduct`, `idPic`, `mainPic`) VALUES (2, 1, 2, 0);
INSERT INTO `mydb`.`productsPics` (`idproductsPics`, `idProduct`, `idPic`, `mainPic`) VALUES (3, 2, 3, 1);

COMMIT;

